{
  "atkRateOfMain": 0.004999999888241291,
  "atkRateOfSub": 0.0020000000949949026,
  "charDmgResistMinValue": 0.10000000149011612,
  "efficiencyOfAGI": 0.0010000000474974513,
  "efficiencyOfDEF": 0.009999999776482582,
  "efficiencyOfSTR": 5.0,
  "efficiencyOfWISD": 0.0010000000474974513,
  "enemyOHKCoefficient": 22924.36914,
  "healerEfficiencyOfWILL": 0.0,
  "maxUltimateSp": 100.0,
  "poiseBreakDamageLevelModifier": 1.0,
  "recoverEfficiencyOfWILL": 0.0010000000474974513
}