{
  "arrow_fc001_1": {
    "activeMethod": 2,
    "levelId": "map01_fc001",
    "logicId": 0,
    "markInfoId": "mark_arrow",
    "markInsId": "arrow_fc001_1",
    "pos": {
      "x": 24.299999237060547,
      "y": 1.7200000286102295,
      "z": -19.729999542236328
    },
    "visibleMethod": 2
  },
  "arrow_fc001_2": {
    "activeMethod": 2,
    "levelId": "map01_fc001",
    "logicId": 0,
    "markInfoId": "mark_arrow",
    "markInsId": "arrow_fc001_2",
    "pos": {
      "x": 1.100000023841858,
      "y": 9.800000190734863,
      "z": 25.200000762939453
    },
    "visibleMethod": 2
  },
  "arrow_fc001_3": {
    "activeMethod": 2,
    "levelId": "map01_fc001",
    "logicId": 0,
    "markInfoId": "mark_arrow",
    "markInsId": "arrow_fc001_3",
    "pos": {
      "x": 38.900001525878906,
      "y": 11.680000305175781,
      "z": 40.5
    },
    "visibleMethod": 2
  },
  "camp_map01_lv001_93": {
    "activeMethod": 2,
    "levelId": "map01_lv001",
    "logicId": 93,
    "markInfoId": "mark_sp_campfire",
    "markInsId": "camp_map01_lv001_93",
    "pos": {
      "x": -435.39239501953125,
      "y": 92.75,
      "z": -497.6000061035156
    },
    "visibleMethod": 0
  },
  "fac_unlocker_lv005_140060": {
    "activeMethod": 2,
    "levelId": "map01_lv005",
    "logicId": 140060,
    "markInfoId": "mark_fac_unlocker",
    "markInsId": "fac_unlocker_lv005_140060",
    "pos": {
      "x": 691.6799926757812,
      "y": 116.4000015258789,
      "z": 378.1000061035156
    },
    "visibleMethod": 0
  },
  "camp_map01_lv001_10282": {
    "activeMethod": 2,
    "levelId": "map01_lv001",
    "logicId": 10282,
    "markInfoId": "mark_sp_campfire",
    "markInsId": "camp_map01_lv001_10282",
    "pos": {
      "x": -183.3000030517578,
      "y": 147.3000030517578,
      "z": -43.79999923706055
    },
    "visibleMethod": 0
  },
  "camp_map01_lv001_284": {
    "activeMethod": 2,
    "levelId": "map01_lv001",
    "logicId": 284,
    "markInfoId": "mark_sp_campfire",
    "markInsId": "camp_map01_lv001_284",
    "pos": {
      "x": -60.0,
      "y": 98.13999938964844,
      "z": -384.20001220703125
    },
    "visibleMethod": 0
  },
  "camp_map01_lv002_1237": {
    "activeMethod": 2,
    "levelId": "map01_lv002",
    "logicId": 1237,
    "markInfoId": "mark_sp_campfire",
    "markInsId": "camp_map01_lv002_1237",
    "pos": {
      "x": -669.489990234375,
      "y": 122.02517700195312,
      "z": -74.88999938964844
    },
    "visibleMethod": 0
  },
  "camp_map01_lv001_31": {
    "activeMethod": 2,
    "levelId": "map01_lv001",
    "logicId": 31,
    "markInfoId": "mark_sp_campfire",
    "markInsId": "camp_map01_lv001_31",
    "pos": {
      "x": -298.79998779296875,
      "y": 94.9000015258789,
      "z": -442.70001220703125
    },
    "visibleMethod": 0
  },
  "camp_map01_lv003_1865": {
    "activeMethod": 2,
    "levelId": "map01_lv003",
    "logicId": 1865,
    "markInfoId": "mark_sp_campfire",
    "markInsId": "camp_map01_lv003_1865",
    "pos": {
      "x": 236.8699951171875,
      "y": 66.70999908447266,
      "z": -576.280029296875
    },
    "visibleMethod": 0
  },
  "camp_map01_lv007_147": {
    "activeMethod": 2,
    "levelId": "map01_lv007",
    "logicId": 147,
    "markInfoId": "mark_sp_campfire",
    "markInsId": "camp_map01_lv007_147",
    "pos": {
      "x": 39.09000015258789,
      "y": 159.5153045654297,
      "z": 694.739990234375
    },
    "visibleMethod": 0
  },
  "fac_unlocker_lv006_70001": {
    "activeMethod": 2,
    "levelId": "map01_lv006",
    "logicId": 70001,
    "markInfoId": "mark_fac_unlocker",
    "markInsId": "fac_unlocker_lv006_70001",
    "pos": {
      "x": 526.6400146484375,
      "y": 46.439998626708984,
      "z": 274.2200012207031
    },
    "visibleMethod": 0
  },
  "camp_map01_lv001_322": {
    "activeMethod": 2,
    "levelId": "map01_lv001",
    "logicId": 322,
    "markInfoId": "mark_sp_campfire",
    "markInsId": "camp_map01_lv001_322",
    "pos": {
      "x": -205.35000610351562,
      "y": 114.43000030517578,
      "z": -322.3999938964844
    },
    "visibleMethod": 0
  },
  "camp_map01_lv006_31060": {
    "activeMethod": 2,
    "levelId": "map01_lv006",
    "logicId": 31060,
    "markInfoId": "mark_sp_campfire",
    "markInsId": "camp_map01_lv006_31060",
    "pos": {
      "x": 500.7099914550781,
      "y": 40.386749267578125,
      "z": 319.19000244140625
    },
    "visibleMethod": 0
  },
  "camp_map01_lv001_73": {
    "activeMethod": 2,
    "levelId": "map01_lv001",
    "logicId": 73,
    "markInfoId": "mark_sp_campfire",
    "markInsId": "camp_map01_lv001_73",
    "pos": {
      "x": 58.36000061035156,
      "y": 98.44000244140625,
      "z": -388.9200134277344
    },
    "visibleMethod": 0
  },
  "camp_map01_lv002_1239": {
    "activeMethod": 2,
    "levelId": "map01_lv002",
    "logicId": 1239,
    "markInfoId": "mark_sp_campfire",
    "markInsId": "camp_map01_lv002_1239",
    "pos": {
      "x": -794.3900146484375,
      "y": 127.33329772949219,
      "z": 119.68000030517578
    },
    "visibleMethod": 0
  },
  "camp_map01_lv006_31061": {
    "activeMethod": 2,
    "levelId": "map01_lv006",
    "logicId": 31061,
    "markInfoId": "mark_sp_campfire",
    "markInsId": "camp_map01_lv006_31061",
    "pos": {
      "x": 642.9099731445312,
      "y": 35.33000183105469,
      "z": 439.1300048828125
    },
    "visibleMethod": 0
  },
  "camp_map01_lv001_86": {
    "activeMethod": 2,
    "levelId": "map01_lv001",
    "logicId": 86,
    "markInfoId": "mark_sp_campfire",
    "markInsId": "camp_map01_lv001_86",
    "pos": {
      "x": -213.0800018310547,
      "y": 139.0,
      "z": -92.5999984741211
    },
    "visibleMethod": 0
  },
  "camp_map01_lv002_1240": {
    "activeMethod": 2,
    "levelId": "map01_lv002",
    "logicId": 1240,
    "markInfoId": "mark_sp_campfire",
    "markInsId": "camp_map01_lv002_1240",
    "pos": {
      "x": -841.3900146484375,
      "y": 142.4730682373047,
      "z": 123.43000030517578
    },
    "visibleMethod": 0
  },
  "camp_map01_lv003_1874": {
    "activeMethod": 2,
    "levelId": "map01_lv003",
    "logicId": 1874,
    "markInfoId": "mark_sp_campfire",
    "markInsId": "camp_map01_lv003_1874",
    "pos": {
      "x": 349.80999755859375,
      "y": 27.137001037597656,
      "z": -688.1900024414062
    },
    "visibleMethod": 0
  },
  "camp_map01_lv006_31058": {
    "activeMethod": 2,
    "levelId": "map01_lv006",
    "logicId": 31058,
    "markInfoId": "mark_sp_campfire",
    "markInsId": "camp_map01_lv006_31058",
    "pos": {
      "x": 722.8800048828125,
      "y": 71.30000305175781,
      "z": 97.13999938964844
    },
    "visibleMethod": 0
  },
  "core_fc001_3": {
    "activeMethod": 0,
    "levelId": "map01_fc001",
    "logicId": 810,
    "markInfoId": "mark_sp_campfire",
    "markInsId": "core_fc001_3",
    "pos": {
      "x": 48.900001525878906,
      "y": 11.680000305175781,
      "z": 40.5
    },
    "visibleMethod": 0
  },
  "camp_map01_lv005_20743": {
    "activeMethod": 2,
    "levelId": "map01_lv005",
    "logicId": 20743,
    "markInfoId": "mark_sp_campfire",
    "markInsId": "camp_map01_lv005_20743",
    "pos": {
      "x": 819.8400268554688,
      "y": 100.01000213623047,
      "z": -191.63999938964844
    },
    "visibleMethod": 0
  },
  "core_fc001_1": {
    "activeMethod": 0,
    "levelId": "map01_fc001",
    "logicId": 779,
    "markInfoId": "mark_sp_campfire",
    "markInsId": "core_fc001_1",
    "pos": {
      "x": 34.29999923706055,
      "y": 1.7200000286102295,
      "z": -8.729999542236328
    },
    "visibleMethod": 0
  },
  "camp_map01_lv005_20746": {
    "activeMethod": 2,
    "levelId": "map01_lv005",
    "logicId": 20746,
    "markInfoId": "mark_sp_campfire",
    "markInsId": "camp_map01_lv005_20746",
    "pos": {
      "x": 340.1636962890625,
      "y": 95.91210174560547,
      "z": -284.906005859375
    },
    "visibleMethod": 0
  },
  "camp_map01_lv005_20747": {
    "activeMethod": 2,
    "levelId": "map01_lv005",
    "logicId": 20747,