{
  "stm_hongs_1": {
    "leftBottomPos": {
      "x": -938.77001953125,
      "y": 480.3955078125,
      "z": -1464.93994140625
    },
    "mapImage": "defense_map_stm_hongs_1",
    "rightUpPos": {
      "x": -701.1699829101562,
      "y": 480.3955078125,
      "z": -1227.2900390625
    },
    "settlementId": "stm_hongs_1"
  },
  "stm_tundra_2": {
    "leftBottomPos": {
      "x": 688.6599731445312,
      "y": 0.0,
      "z": -487.44000244140625
    },
    "mapImage": "defense_map_stm_tundra_2",
    "rightUpPos": {
      "x": 920.4000244140625,
      "y": 0.0,
      "z": -255.72000122070312
    },
    "settlementId": "stm_tundra_2"
  },
  "stm_tundra_1": {
    "leftBottomPos": {
      "x": -802.239990234375,
      "y": 0.0,
      "z": 101.87000274658203
    },
    "mapImage": "defense_map_stm_tundra_1",
    "rightUpPos": {
      "x": -558.3800048828125,
      "y": 0.0,
      "z": 339.0199890136719
    },
    "settlementId": "stm_tundra_1"
  }
}